{"coverage": 94.8905109489051, "raw_data": {"meta": {"format": 2, "version": "7.5.3", "timestamp": "2024-06-23T15:11:57.616145", "branch_coverage": false, "show_contexts": false}, "files": {"dsa_python/linked_list/__init__.py": {"executed_lines": [1], "summary": {"covered_lines": 0, "num_statements": 0, "percent_covered": 100.0, "percent_covered_display": "100", "missing_lines": 0, "excluded_lines": 0}, "missing_lines": [], "excluded_lines": []}, "dsa_python/linked_list/linked_list.py": {"executed_lines": [1, 4, 6, 7, 8, 11, 13, 14, 15, 16, 17, 18, 19, 20, 21, 22, 24, 30, 31, 32, 33, 34, 35, 36, 38, 39, 40, 42, 46, 47, 48, 49, 51, 52, 53, 54, 56, 60, 61, 62, 63, 64, 65, 66, 67, 68, 69, 70, 71, 72, 73, 75, 79, 80, 81, 82, 84, 85, 86, 87, 89, 93, 94, 95, 96, 97, 98, 99, 100, 101, 103, 107, 108, 109, 111, 112, 113, 114, 116, 120, 121, 122, 123, 124, 126, 130, 131, 132, 133, 134, 135, 137, 138, 139, 140, 141, 142, 144, 148, 149, 150, 151, 152, 155, 156, 157, 158, 159, 160, 162, 166, 167, 168, 169, 170, 171, 172, 173, 174, 175, 176, 177, 179, 183, 185, 186, 187, 188, 189, 190], "summary": {"covered_lines": 130, "num_statements": 137, "percent_covered": 94.8905109489051, "percent_covered_display": "95", "missing_lines": 7, "excluded_lines": 0}, "missing_lines": [25, 26, 27, 28, 110, 153, 184], "excluded_lines": []}}, "totals": {"covered_lines": 130, "num_statements": 137, "percent_covered": 94.8905109489051, "percent_covered_display": "95", "missing_lines": 7, "excluded_lines": 0}}, "coverage_path": "."}